{
"云浮市": [112.044439, 22.929801],
"梅州市": [116.117582, 24.299112],
"汕尾市": [115.364238, 22.774485],
"潮州市": [116.68943, 23.682923],
"汕头市": [116.708463, 23.37102],
"湛江市": [110.364977, 21.274898],
"揭阳市": [116.355733, 23.543778],
"东莞市": [113.798262, 23.012237],
"河源市": [114.697802, 23.746266],
"惠州市": [114.412599, 23.079404],
"韶关市": [113.591544, 24.801322],
"清远市": [113.051227, 23.685022],
"中山市": [113.382391, 22.521113],
"深圳市": [114.085947, 22.547],
"珠海市": [113.383986, 22.164979],
"佛山市": [113.040056, 22.971544],
"江门市": [112.804942, 22.390431],
"肇庆市": [112.472529, 23.451546],
"茂名市": [110.919229, 21.659751],
"阳江市": [111.975107, 21.859222],
"越秀区": [113.280714, 23.105624],
"荔湾区": [113.243038, 23.054943],
"海珠区": [113.395367, 23.083131],
"天河区": [113.395367, 23.13559],
"萝岗区": [113.5161685843, 23.2499584648],
"白云区": [113.342831, 23.322281],
"黄埔区": [113.450761, 23.103239],
"番禺区": [113.364619, 22.938582],
"南沙区": [113.53738, 22.794531],
"花都区": [113.211184, 23.39205],
"从化市": [113.587386, 23.545283],
"增城市": [113.829579, 23.290497],
"始兴县": [114.067205, 24.948364],
"曲江区": [113.605582, 24.680195],
"浈江区": [113.599224, 24.943977],
"武江区": [113.498289, 24.80016],
"翁源县": [114.131289, 24.353887],
"仁化县": [113.748627, 25.088226],
"新丰县": [114.207034, 24.055412],
"乳源瑶族自治县": [113.278417, 24.776109],
"乐昌市": [113.352413, 25.128445],
"南雄市": [114.311231, 25.115328],
"罗湖区": [114.123885, 22.555341],
"南山区": [113.92943, 22.531221],
"福田区": [114.05096, 22.541009],
"盐田区": [114.235366, 22.555069],
"宝安区": [113.828671, 22.754741],
"龙岗区": [114.251372, 22.721511],
"斗门区": [113.297739, 22.209117],
"金湾区": [113.345071, 22.009122],
"香洲区": [113.55027, 22.271249],
"龙湖区": [116.752015, 23.353754],
"澄海区": [116.76336, 23.50844],
"金平区": [116.632583, 23.387071],
"濠江区": [116.729528, 23.279345],
"潮阳区": [116.602602, 23.262336],
"潮南区": [116.423607, 23.249798],
"南澳县": [117.027105, 23.419562],
"禅城区": [113.092414, 23.019643],
"南海区": [113.145577, 23.131562],
"顺德区": [113.281826, 22.75851],
"高明区": [112.782123, 22.793855],
"三水区": [112.899414, 23.22504],
"蓬江区": [113.07859, 22.69677],
"新会区": [113.038584, 22.366286],
"江海区": [113.120601, 22.569211],
"鹤山市": [112.961795, 22.768104],
"台山市": [112.793414, 22.250713],
"开平市": [112.652262, 22.366286],
"恩平市": [112.314051, 22.182956],
"徐闻县": [110.175718, 20.326083],
"赤坎区": [110.361634, 21.273365],
"霞山区": [110.406382, 21.194229],
"坡头区": [110.465632, 21.35441],
"麻章区": [110.329167, 21.025997],
"遂溪县": [110.255321, 21.376915],
"吴川市": [110.780508, 21.428453],
"廉江市": [110.284961, 21.611281],
"雷州市": [110.088275, 20.908523],
"茂南区": [110.920542, 21.660425],
"电白县": [111.007264, 21.507219],
"信宜市": [110.941656, 22.352681],
"高州市": [110.853251, 21.915153],
"化州市": [110.63839, 21.654953],
"端州区": [112.472329, 23.052662],
"鼎湖区": [112.565249, 23.155822],
"封开县": [111.502973, 23.434731],
"广宁县": [112.440419, 23.631486],
"德庆县": [111.78156, 23.141711],
"怀集县": [112.182466, 23.913072],
"高要市": [112.420846, 22.867694],
"四会市": [112.695028, 23.340324],
"龙门县": [114.259986, 23.723894],
"博罗县": [114.284254, 23.367575],
"惠城区": [114.413978, 23.079883],
"惠东县": [114.723092, 22.983036],
"惠阳区": [114.469444, 22.78851],
"梅江区": [116.12116, 24.302593],
"大埔县": [116.69552, 24.351587],
"丰顺县": [116.184419, 23.752771],
"平远县": [115.891729, 24.569651],
"梅县": [116.083482, 24.027825],
"蕉岭县": [116.170531, 24.653313],
"五华县": [115.775004, 23.925424],
"兴宁市": [115.731648, 24.138077],
"城区": [115.363667, 22.776227],
"陆河县": [115.657565, 23.302682],
"海丰县": [115.337324, 22.971042],
"陆丰市": [115.644203, 22.946104],
"源城区": [114.696828, 23.746255],
"连平县": [114.495952, 24.364227],
"和平县": [114.941473, 24.44318],
"龙川县": [115.256415, 24.101174],
"紫金县": [115.184383, 23.633744],
"东源县": [114.742711, 23.899093],
"江城区": [111.968909, 21.859182],
"阳东县": [112.181267, 21.964728],
"阳西县": [111.617556, 21.75367],
"阳春市": [111.7905, 22.169598],
"清新县": [113.015203, 23.736949],
"连山壮族瑶族自治县": [112.086555, 24.567271],
"佛冈县": [113.534094, 23.866739],
"清城区": [113.048698, 23.688976],
"连南瑶族自治县": [112.290808, 24.719097],
"阳山县": [112.634019, 24.470286],
"连州市": [112.379271, 24.783966],
"英德市": [113.405404, 24.18612],
"湘桥区": [116.64565, 23.664675],
"潮安县": [116.65931, 23.521012],
"饶平县": [117.00205, 23.668171],
"榕城区": [116.357045, 23.535524],
"普宁市": [116.165082, 23.29788],
"揭西县": [115.838708, 23.4273],
"惠来县": [116.295832, 23.029834],
"揭东县": [116.342947, 23.669887],
"云城区": [112.04471, 22.930827],
"云安县": [112.005609, 23.073152],
"罗定市": [111.578201, 22.765415],
"新兴县": [112.23083, 22.703204],
"郁南县": [111.535921, 23.237709]
}